﻿<?xml version="1.0" encoding="UTF-8" ?>
<resources>
<style name="Theme.Splash" parent="android:Theme" >
	<item name="android:windowBackground">@drawable/splash</item>
	<item name="android:windowNoTitle">true</item>
</style>
<style name="Prezentacja" parent="@android:style/Widget.TextView">
	<item name="android:textSize">30dp</item>
	<item name="android:textColor">#ff000000</item>
	<item name="android:layout_marginLeft">10dp</item>
	<item name="android:layout_marginTop">50dp</item>
	<item name="android:textStyle">bold</item>
</style>
<style name="TekstZwykly" parent="@android:style/Widget.TextView">
	<item name="android:textSize">25dp</item>
	<item name="android:textColor">#ff000000</item>
	<item name="android:layout_marginLeft">30dp</item>
	<item name="android:layout_marginTop">50dp</item>
	<item name="android:layout_height">37dp</item>
</style>
</resources>
